{
    "accuracy": 0.8541666666666666,
    "precision": 0.8695652173913043,
    "recall": 0.8333333333333334,
    "f1": 0.851063829787234
}