{
    "accuracy": 0.8541666666666666,
    "precision": 0.8518518518518519,
    "recall": 0.8846153846153846,
    "f1": 0.8679245283018868
}